cell_id,west,south,east,north,longitude,latitude,geometry_geojson,cell_clip_fraction,local_name,zone,lst_c,ndvi,ndbi,built_up,ndvi_2021,ndbi_2021,ndvi_change,ndbi_change,population_2026,area_km2,population_density_km2,sar_vv_2021_db,sar_vv_2026_db,sar_vv_change_db,data_confidence,temp_norm,built_norm,low_veg_norm,population_norm,vegetation_loss,ndbi_gain,urban_change_norm,contrib_temperature,contrib_built_up,contrib_low_vegetation,contrib_population,contrib_urban_change,risk_score,risk_level,effective_weights,surface_heat_anomaly_c,recommendation,top_driver,display_name
K12,54.601875,24.395875000000004,54.61366666666666,24.407666666666668,54.60482291666666,24.401770833333337,"{""type"":""Polygon"",""coordinates"":[[[54.601875,24.407666666666668],[54.61366666666666,24.407666666666668],[54.601875,24.395875000000004],[54.601875,24.407666666666668]]]}",0.1594382067206755,Near SE36,Khalifa City · Near SE36 · K12,53.56,0.0458,0.0795,0.1947,0.057,0.1088,-0.0112,-0.0293,764.3,0.7816,977.9,,,,91.7,1.0,0.12341663813762413,0.45641025641025645,0.0469252589796779,0.0112,0.0,1.0,35.0,2.4683327627524827,6.846153846153847,0.7038788846951685,15.0,60.0,High,temperature:0.350; built_up:0.200; low_vegetation:0.150; population:0.150; urban_change:0.150,2.5,"Prioritize shade, cool roofs/pavements and on-site thermal validation. Review recent development/vegetation-loss hotspots before further land conversion. Increase climate-resilient tree canopy and connect green corridors.",Surface temperature,K12 · near SE36
K10,54.561625,24.386180555555555,54.58175,24.407666666666668,54.5716875,24.398041666666668,"{""type"":""Polygon"",""coordinates"":[[[54.561625,24.407666666666668],[54.58175,24.407666666666668],[54.58175,24.388416666666668],[54.561625,24.386180555555555],[54.561625,24.407666666666668]]]}",0.9400641025640576,Near Sector 33 · Post Office,Khalifa City · Near Sector 33 · Post Office · K10,53.53,0.0507,0.0686,0.3634,0.0481,0.1068,0.0026,-0.0382,8157.6,4.6087,1770.0,,,,98.6,0.9939879759519036,0.41218760698390966,0.20512820512820495,0.7887709847710083,0.0,0.0,0.0,34.78957915831663,8.243752139678193,3.0769230769230744,11.831564771565123,0.0,57.9,High,temperature:0.350; built_up:0.200; low_vegetation:0.150; population:0.150; urban_change:0.150,2.47,"Prioritize shade, cool roofs/pavements and on-site thermal validation. Prioritize cooling around homes, schools, transit and high-footfall public space. Reduce exposed impervious surfaces and add shaded pedestrian links.",Surface temperature,K10 · near Sector 33 · Post Office
K09,54.5415,24.386,54.561625,24.407666666666668,54.551997348484846,24.40083333333333,"{""type"":""Polygon"",""coordinates"":[[[54.561625,24.407666666666668],[54.561625,24.386180555555555],[54.56,24.386],[54.5415,24.394],[54.543239393939395,24.407666666666668],[54.561625,24.407666666666668]]]}",0.8026964701964484,Near Al Forsan Village,Khalifa City · Near Al Forsan Village · K09,52.41,0.0484,0.063,0.3667,0.0525,0.1052,-0.0041,-0.0422,7241.6,3.9353,1840.2,,,,97.2,0.7695390781563116,0.4178363574118454,0.32307692307692315,0.7514391038561458,0.0041,0.0,0.3660714285714286,26.933867735470905,8.356727148236908,4.846153846153848,11.271586557842186,5.491071428571429,56.9,High,temperature:0.350; built_up:0.200; low_vegetation:0.150; population:0.150; urban_change:0.150,1.34,"Prioritize shade, cool roofs/pavements and on-site thermal validation. Prioritize cooling around homes, schools, transit and high-footfall public space. Reduce exposed impervious surfaces and add shaded pedestrian links.",Surface temperature,K09 · near Al Forsan Village
K07,54.58175,24.407666666666664,54.601875,24.429333333333332,54.5918125,24.4185,"{""type"":""Polygon"",""coordinates"":[[[54.58175,24.407666666666664],[54.58175,24.429333333333332],[54.601875,24.429333333333332],[54.601875,24.407666666666664],[54.58175,24.407666666666664]]]}",1.0,Near SE25,Khalifa City · Near SE25 · K07,50.57,0.0437,0.0384,0.6936,0.0426,0.0787,0.0011,-0.0403,15195.3,4.9017,3100.0,,,,99.2,0.40080160320641267,0.9774049982882574,0.564102564102564,0.9837429114227606,0.0,0.0,0.0,14.028056112224444,19.54809996576515,8.46153846153846,14.756143671341409,0.0,56.8,High,temperature:0.350; built_up:0.200; low_vegetation:0.150; population:0.150; urban_change:0.150,-0.49,"Reduce exposed impervious surfaces and add shaded pedestrian links. Prioritize cooling around homes, schools, transit and high-footfall public space. Prioritize shade, cool roofs/pavements and on-site thermal validation.",Built-up land,K07 · near SE25
K08,54.601875,24.407666666666664,54.620826666666666,24.429333333333332,54.60964416666667,24.418666666666667,"{""type"":""Polygon"",""coordinates"":[[[54.601875,24.407666666666664],[54.601875,24.429333333333332],[54.620826666666666,24.429333333333332],[54.614,24.408],[54.61366666666666,24.407666666666664],[54.601875,24.407666666666664]]]}",0.7693543557890249,Near SE36,Khalifa City · Near SE36 · K08,53.29,0.0483,0.0696,0.3303,0.047,0.1089,0.0013,-0.0393,6182.7,3.771,1639.5,,,,96.9,0.9458917835671337,0.3555289284491613,0.32820512820512804,0.7018909391180829,0.0,0.0,0.0,33.10621242484968,7.110578568983225,4.923076923076921,10.528364086771242,0.0,55.7,High,temperature:0.350; built_up:0.200; low_vegetation:0.150; population:0.150; urban_change:0.150,2.23,"Prioritize shade, cool roofs/pavements and on-site thermal validation. Prioritize cooling around homes, schools, transit and high-footfall public space. Reduce exposed impervious surfaces and add shaded pedestrian links.",Surface temperature,K08 · near SE36
K06,54.561625,24.407666666666664,54.58175,24.429333333333332,54.5716875,24.4185,"{""type"":""Polygon"",""coordinates"":[[[54.561625,24.407666666666664],[54.561625,24.429333333333332],[54.58175,24.429333333333332],[54.58175,24.407666666666664],[54.561625,24.407666666666664]]]}",1.0,Near Sector 32 · Community Centre,Khalifa City · Near Sector 32 · Community Centre · K06,50.19,0.0449,0.0369,0.7068,0.0408,0.0807,0.0041,-0.0438,16004.2,4.9018,3265.0,,,,99.2,0.32464929859719377,1.0,0.5025641025641024,1.0,0.0,0.0,0.0,11.362725450901783,20.0,7.5384615384615365,15.0,0.0,53.9,High,temperature:0.350; built_up:0.200; low_vegetation:0.150; population:0.150; urban_change:0.150,-0.88,"Reduce exposed impervious surfaces and add shaded pedestrian links. Prioritize cooling around homes, schools, transit and high-footfall public space. Prioritize shade, cool roofs/pavements and on-site thermal validation.",Built-up land,K06 · near Sector 32 · Community Centre
K11,54.58175,24.388416666666668,54.601875,24.407666666666668,54.5918125,24.401770833333337,"{""type"":""Polygon"",""coordinates"":[[[54.58175,24.407666666666668],[54.601875,24.407666666666668],[54.601875,24.395875000000004],[54.596,24.39],[54.58175,24.388416666666668],[54.58175,24.407666666666668]]]}",0.8016782130911495,Near SE36,Khalifa City · Near SE36 · K11,53.12,0.0547,0.0713,0.307,0.0527,0.1193,0.002,-0.048,5450.8,3.9302,1386.9,,,,97.2,0.9118236472945882,0.3156453269428278,0.0,0.6624028101645867,0.0,0.0,0.0,31.913827655310588,6.312906538856557,0.0,9.9360421524688,0.0,48.2,Moderate,temperature:0.350; built_up:0.200; low_vegetation:0.150; population:0.150; urban_change:0.150,2.05,"Prioritize shade, cool roofs/pavements and on-site thermal validation. Prioritize cooling around homes, schools, transit and high-footfall public space. Reduce exposed impervious surfaces and add shaded pedestrian links.",Surface temperature,K11 · near SE36
K03,54.58175,24.429333333333332,54.601875,24.451,54.5918125,24.439526960784313,"{""type"":""Polygon"",""coordinates"":[[[54.601875,24.429333333333332],[54.58175,24.429333333333332],[54.58175,24.449720588235294],[54.589,24.451],[54.601875,24.44978537735849],[54.601875,24.429333333333332]]]}",0.971431627172235,Near SE41,Khalifa City · Near SE41 · K03,50.13,0.0434,0.0341,0.4724,0.0449,0.0783,-0.0015,-0.0442,11107.0,4.7608,2333.0,,,,98.9,0.3126252505010023,0.5987675453611777,0.5794871794871794,0.8855056506204175,0.0015,0.0,0.13392857142857142,10.941883767535082,11.975350907223554,8.692307692307692,13.282584759306262,2.008928571428571,46.9,Moderate,temperature:0.350; built_up:0.200; low_vegetation:0.150; population:0.150; urban_change:0.150,-0.93,"Prioritize cooling around homes, schools, transit and high-footfall public space. Reduce exposed impervious surfaces and add shaded pedestrian links. Prioritize shade, cool roofs/pavements and on-site thermal validation.",Population exposure,K03 · near SE41
K05,54.543239393939395,24.407666666666664,54.561625,24.429333333333332,54.552872348484854,24.414583333333333,"{""type"":""Polygon"",""coordinates"":[[[54.561625,24.429333333333332],[54.561625,24.407666666666664],[54.543239393939395,24.407666666666664],[54.545,24.4215],[54.54833333333333,24.429333333333332],[54.561625,24.429333333333332]]]}",0.8240733179863012,Near SW12,Khalifa City · Near SW12 · K05,50.1,0.0508,0.0325,0.6636,0.049,0.075,0.0018,-0.0425,13537.0,4.0395,3351.2,,,,97.4,0.3066132264529059,0.9260527216706607,0.20000000000000007,0.947520995629732,0.0,0.0,0.0,10.731462925851707,18.521054433413212,3.000000000000001,14.21281493444598,0.0,46.5,Moderate,temperature:0.350; built_up:0.200; low_vegetation:0.150; population:0.150; urban_change:0.150,-0.96,"Reduce exposed impervious surfaces and add shaded pedestrian links. Prioritize cooling around homes, schools, transit and high-footfall public space. Prioritize shade, cool roofs/pavements and on-site thermal validation.",Built-up land,K05 · near SW12
K04,54.601875,24.429333333333332,54.622,24.44978537735849,54.6103125,24.44075,"{""type"":""Polygon"",""coordinates"":[[[54.601875,24.429333333333332],[54.601875,24.44978537735849],[54.6155,24.4485],[54.622,24.433],[54.620826666666666,24.429333333333332],[54.601875,24.429333333333332]]]}",0.7842362667411231,Near Etihad Plaza · SE45,Khalifa City · Near Etihad Plaza · SE45 · K04,51.56,0.051,0.0553,0.3724,0.0509,0.0974,0.0001,-0.0421,6385.7,3.8434,1661.5,,,,97.0,0.5991983967935873,0.4275932899691887,0.18974358974358985,0.7120163063162264,0.0,0.0,0.0,20.971943887775556,8.551865799383775,2.8461538461538476,10.680244594743396,0.0,43.1,Moderate,temperature:0.350; built_up:0.200; low_vegetation:0.150; population:0.150; urban_change:0.150,0.5,"Prioritize shade, cool roofs/pavements and on-site thermal validation. Prioritize cooling around homes, schools, transit and high-footfall public space. Reduce exposed impervious surfaces and add shaded pedestrian links.",Surface temperature,K04 · near Etihad Plaza · SE45
K02,54.561625,24.429333333333332,54.58175,24.449720588235294,54.5716875,24.437751225490196,"{""type"":""Polygon"",""coordinates"":[[[54.58175,24.429333333333332],[54.561625,24.429333333333332],[54.561625,24.44616911764706],[54.58175,24.449720588235294],[54.58175,24.429333333333332]]]}",0.8589932126696909,Near SE41,Khalifa City · Near SE41 · K02,48.57,0.0352,0.0366,0.3258,0.0364,0.0779,-0.0012,-0.0413,6457.9,4.2099,1534.0,,,,97.8,0.0,0.3478260869565218,1.0,0.7155401242406366,0.0012,0.0,0.10714285714285714,0.0,6.9565217391304355,15.0,10.73310186360955,1.607142857142857,34.3,Moderate,temperature:0.350; built_up:0.200; low_vegetation:0.150; population:0.150; urban_change:0.150,-2.49,"Increase climate-resilient tree canopy and connect green corridors. Prioritize cooling around homes, schools, transit and high-footfall public space. Reduce exposed impervious surfaces and add shaded pedestrian links.",Low vegetation,K02 · near SE41
K01,54.54833333333333,24.429333333333332,54.561625,24.44616911764706,54.556645833333334,24.437166666666663,"{""type"":""Polygon"",""coordinates"":[[[54.561625,24.429333333333332],[54.54833333333333,24.429333333333332],[54.555,24.445],[54.561625,24.44616911764706],[54.561625,24.429333333333332]]]}",0.3666773231031642,Near SW2,Khalifa City · Near SW2 · K01,49.93,0.0439,0.0541,0.1226,0.0484,0.1005,-0.0045,-0.0464,657.9,1.7972,366.1,,,,92.8,0.2725450901803605,0.0,0.5538461538461539,0.0,0.0045,0.0,0.40178571428571425,9.539078156312618,0.0,8.307692307692308,0.0,6.0267857142857135,23.9,Low,temperature:0.350; built_up:0.200; low_vegetation:0.150; population:0.150; urban_change:0.150,-1.13,"Prioritize shade, cool roofs/pavements and on-site thermal validation. Increase climate-resilient tree canopy and connect green corridors. Review recent development/vegetation-loss hotspots before further land conversion.",Surface temperature,K01 · near SW2
